CONDITION,OUTCOME,YEAR,NAME,SRANum,RegionNum,RegionName,UrbanicitySort,UrbanicityCat,SESSort,Socioeconomic_Category,SDNUM,Supervisor_District,Total_Cases,Total_Rate,Age_Adjusted_Rate,Male_Cases,Male_Rate,Female_Cases,Female_Rate,White_Cases,White_Rate,Black_Cases,Black_Rate,Hispanic_Cases,Hispanic_Rate,Asian_Pacific_Islander_Cases,Asian_Pacific_Islander_Rate,Other_Race_Ethnicity_Cases,Other_Race_Ethnicity_Rate,Age_Group_0_to_14_Cases,Age_Group_0_to_14_Rate,Age_Group_15_to_24_Cases,Age_Group_15_to_24_Rate,Age_Group_25_to_44_Cases,Age_Group_25_to_44_Rate,Age_Group_45_to_64_Cases,Age_Group_45_to_64_Rate,Age_Group_65Plus_Cases,Age_Group_65Plus_Rate
Developmental Disorder,ED Discharge,01/01/2010 12:00:00 AM,Central Region,99,99,REGION CENTRAL,99,,99,,99,Central Region,64,13.2117303650979,14.0837993717845,35,14.1302811925957,29,12.2506051376503,42,29.2397660818713,8,14.1148240940047,12,5.87190440539628,,,,,5,5.56631710195266,10,12.0281940869398,15,9.29039930136197,17,15.9301323138049,17,39.2782052170698
Developmental Disorder,ED Discharge,01/01/2010 12:00:00 AM,Central San Diego,1,3,CENTRAL,5,Very Urban Area,2,Low Income,4,Supervisorial District 4,23,13.8913215478556,15.3734516248689,11,12.1520106053911,12,15.9891273933725,17,20.6583952072523,,,5,8.67724133143591,,,,,,,,,,,11,28.9870348898493,5,32.1708917771201
Developmental Disorder,ED Discharge,01/01/2010 12:00:00 AM,Mid-City,6,3,CENTRAL,5,Very Urban Area,1,Lowest Income,4,Supervisorial District 4,27,16.5601501453613,18.43454100839,12,14.7770512394252,15,18.3295655892955,15,32.2927879440258,6,31.0591158505021,6,8.76360184035639,,,,,,,,,8,15.8717562098246,,,9,70.4060079793476
Developmental Disorder,ED Discharge,01/01/2010 12:00:00 AM,Southeastern San Diego,5,3,CENTRAL,5,Very Urban Area,2,Low Income,4,Supervisorial District 4,14,8.9855909630628,9.56975530318838,12,15.7961246840775,,,10,67.118598563662,,,,,,,,,,,,,,,,,,
Developmental Disorder,ED Discharge,01/01/2010 12:00:00 AM,East Region,99,99,REGION EAST,99,,99,,99,East Region,133,28.7190029107681,28.5497795889243,69,30.2566553679253,64,27.2272067863813,94,33.6603881687316,12,45.1501241628415,19,16.4354174596035,,,,,15,16.6683335000167,15,21.8898212331266,30,24.7530879477215,34,26.678174898976,39,69.7050938337802
Developmental Disorder,ED Discharge,01/01/2010 12:00:00 AM,Alpine,38,5,EAST,1,Rural Area,5,High Income,2,Supervisorial District 2,,,,,,,,,,,,,,,,,,,,,,,,,,,
Developmental Disorder,ED Discharge,01/01/2010 12:00:00 AM,El Cajon,34,5,EAST,4,Urban Area,2,Low Income,2,Supervisorial District 2,41,32.9248510351252,33.5765220699698,20,32.8267078094738,21,33.0188679245283,31,42.0852565843063,5,71.448985424407,,,,,,,,,,,13,39.3796195322913,15,47.3201047351651,9,61.3622417672326
Developmental Disorder,ED Discharge,01/01/2010 12:00:00 AM,Harbison Crest/El Cajon,37,5,EAST,99,,99,,2,Supervisorial District 2,61,43.8309705326541,44.5818887949549,32,46.8960665924146,29,40.8824980616057,46,53.9317411745395,5,70.1951424961393,5,14.1860069227714,,,,,7,25.2170467235851,,,17,47.4290656474067,21,56.8566400433194,13,75.9834005494184
Developmental Disorder,ED Discharge,01/01/2010 12:00:00 AM,Jamul,30,5,EAST,1,Rural Area,6,Highest Income,2,Supervisorial District 2,,,,,,,,,,,,,,,,,,,,,,,,,,,
Developmental Disorder,ED Discharge,01/01/2010 12:00:00 AM,La Mesa,33,5,EAST,4,Urban Area,2,Low Income,2,Supervisorial District 2,18,30.4599451720987,24.1193476174911,11,39.0306212965263,7,22.6456601209925,17,45.8926112895824,,,,,,,,,,,,,,,,,9,104.712041884817
Developmental Disorder,ED Discharge,01/01/2010 12:00:00 AM,Laguna-Pine Valley,61,5,EAST,1,Rural Area,3,Moderately Low Income,2,Supervisorial District 2,,,,,,,,,,,,,,,,,,,,,,,,,,,
Developmental Disorder,ED Discharge,01/01/2010 12:00:00 AM,Lakeside,36,5,EAST,2,Exurban Area,3,Moderately Low Income,2,Supervisorial District 2,6,10.7104605498036,11.4957400505354,,,,,5,12.2408010380199,,,,,,,,,,,,,,,,,,
Developmental Disorder,ED Discharge,01/01/2010 12:00:00 AM,Lemon Grove,32,5,EAST,5,Very Urban Area,2,Low Income,2,Supervisorial District 2,14,46.9625306095066,47.1268619251404,9,62.0732464307883,5,32.6541274817137,5,52.815041723883,,,5,39.9776125369793,,,,,,,5,109.553023663453,,,,,,
Developmental Disorder,ED Discharge,01/01/2010 12:00:00 AM,Mountain Empire,62,5,EAST,1,Rural Area,2,Low Income,2,Supervisorial District 2,,,,,,,,,,,,,,,,,,,,,,,,,,,
Developmental Disorder,ED Discharge,01/01/2010 12:00:00 AM,Santee,35,5,EAST,3,Suburban Area,4,Moderately High Income,2,Supervisorial District 2,8,15.6399679380657,15.8076681810851,5,20.1889687474764,,,7,18.4322089685862,,,,,,,,,,,,,,,,,,
Developmental Disorder,ED Discharge,01/01/2010 12:00:00 AM,Spring Valley,31,5,EAST,4,Urban Area,4,Moderately High Income,2,Supervisorial District 2,19,23.4565005370304,22.506510291722,7,17.7579339912225,12,28.8586407580203,9,23.524491609598,,,,,,,,,,,,,,,,,9,95.6226094347641
Developmental Disorder,ED Discharge,01/01/2010 12:00:00 AM,North Central Region,99,99,REGION N CENTRAL,99,,99,,99,North Central Region,46,7.61653715793883,7.53673274545306,25,8.18258288138201,21,7.03701469730784,37,10.134515145622,,,,,5,4.61616581267599,,,,,,,5,2.6046414711015,13,9.09447056189837,22,30.6074181251565
Developmental Disorder,ED Discharge,01/01/2010 12:00:00 AM,Coastal,11,2,N CENTRAL,3,Suburban Area,5,High Income,4,Supervisorial District 4,6,7.96019900497512,10.1825098136662,,,,,6,9.86339202051586,,,,,,,,,,,,,,,,,,
Developmental Disorder,ED Discharge,01/01/2010 12:00:00 AM,Del Mar-Mira Mesa,13,2,N CENTRAL,3,Suburban Area,6,Highest Income,3,Supervisorial District 3,7,4.44249820713465,7.02358266177704,,,6,7.64331210191083,5,6.58284510565466,,,,,,,,,,,,,,,,,5,36.726898780667
Developmental Disorder,ED Discharge,01/01/2010 12:00:00 AM,Elliott-Navajo,17,2,N CENTRAL,2,Exurban Area,5,High Income,3,Supervisorial District 3,9,10.1003299441115,8.93208201626872,6,13.8779664153213,,,8,13.3140279927439,,,,,,,,,,,,,,,,,,
Developmental Disorder,ED Discharge,01/01/2010 12:00:00 AM,Kearny Mesa,10,2,N CENTRAL,4,Urban Area,3,Moderately Low Income,4,Supervisorial District 4,16,10.5814507168933,9.99194528642204,10,13.2719285439367,6,7.9092023569423,11,13.041983329974,,,,,,,,,,,,,,,6,16.8406871000337,8,41.96170993968
Developmental Disorder,ED Discharge,01/01/2010 12:00:00 AM,Miramar,16,2,N CENTRAL,99,,99,,3,Supervisorial District 3,,,,,,,,,,,,,,,,,,,,,,,,,,,
Developmental Disorder,ED Discharge,01/01/2010 12:00:00 AM,Peninsula,2,2,N CENTRAL,4,Urban Area,3,Moderately Low Income,4,Supervisorial District 4,,,,,,,,,,,,,,,,,,,,,,,,,,,
Developmental Disorder,ED Discharge,01/01/2010 12:00:00 AM,University,12,2,N CENTRAL,4,Urban Area,4,Moderately High Income,3,Supervisorial District 3,6,9.56525897938687,9.51774602287289,,,,,5,15.1855676365183,,,,,,,,,,,,,,,,,,
Developmental Disorder,ED Discharge,01/01/2010 12:00:00 AM,North Coastal Region,99,99,REGION N COASTAL,99,,99,,99,North Coastal Region,39,7.70987160098449,7.32086498838755,24,9.30835075417034,15,6.04809444704289,32,10.6973323527445,,,,,,,,,,,,,7,5.12741629492899,6,4.8014596437317,19,31.8775900541919
Developmental Disorder,ED Discharge,01/01/2010 12:00:00 AM,Carlsbad,41,1,N COASTAL,3,Suburban Area,5,High Income,5,Supervisorial District 5,,,,,,,,,,,,,,,,,,,,,,,,,,,
Developmental Disorder,ED Discharge,01/01/2010 12:00:00 AM,Oceanside,42,1,N COASTAL,3,Suburban Area,3,Moderately Low Income,5,Supervisorial District 5,15,9.39143501126972,8.70611208253462,9,11.3556071464621,6,7.45675084509843,13,17.5103041405135,,,,,,,,,,,,,,,5,12.7798793579389,,
Developmental Disorder,ED Discharge,01/01/2010 12:00:00 AM,Pendleton,43,1,N COASTAL,99,,99,,5,Supervisorial District 5,,,,,,,,,,,,,,,,,,,,,,,,,,,
Developmental Disorder,ED Discharge,01/01/2010 12:00:00 AM,San Dieguito,40,1,N COASTAL,2,Exurban Area,6,Highest Income,3,Supervisorial District 3,10,10.6919852878282,8.52905737569187,6,13.0400765017821,,,8,10.9079505324443,,,,,,,,,,,,,,,,,8,60.4777744179014
Developmental Disorder,ED Discharge,01/01/2010 12:00:00 AM,Vista,52,1,N COASTAL,3,Suburban Area,2,Low Income,5,Supervisorial District 5,11,10.95257534874,11.4912606778534,8,15.7787814835999,,,9,20.5217074060562,,,,,,,,,,,,,,,,,6,59.441252229047
Developmental Disorder,ED Discharge,01/01/2010 12:00:00 AM,North Inland Region,99,99,REGION N INLAND,99,,99,,99,North Inland Region,94,16.5054749011427,15.8724912737656,50,17.8255025900455,44,15.2243340218884,70,22.2373294873343,,,15,9.14522619192781,,,,,,,17,22.0527189705272,12,8.08429222021612,19,12.4744765643978,42,58.211251403307
Developmental Disorder,ED Discharge,01/01/2010 12:00:00 AM,Anza-Borrego Springs,63,6,N INLAND,1,Rural Area,1,Lowest Income,5,Supervisorial District 5,,,,,,,,,,,,,,,,,,,,,,,,,,,
Developmental Disorder,ED Discharge,01/01/2010 12:00:00 AM,Escondido,50,6,N INLAND,2,Exurban Area,3,Moderately Low Income,3,Supervisorial District 3,45,27.6038056446715,28.0694318092535,21,25.9672812256557,24,29.214850882532,30,42.1940928270042,,,11,14.8428012413979,,,,,,,7,27.3042867730234,8,17.6709666018731,13,33.8603391243195,14,79.8813191829282
Developmental Disorder,ED Discharge,01/01/2010 12:00:00 AM,Fallbrook,55,6,N INLAND,1,Rural Area,4,Moderately High Income,5,Supervisorial District 5,5,10.5699306612549,8.74897961105602,,,,,5,18.3116645303058,,,,,,,,,,,,,,,,,,
Developmental Disorder,ED Discharge,01/01/2010 12:00:00 AM,North San Diego,14,6,N INLAND,3,Suburban Area,6,Highest Income,3,Supervisorial District 3,15,14.0789547783973,13.3685782432928,9,17.4767462182263,6,10.9001725860659,14,22.343515592582,,,,,,,,,,,,,,,,,12,93.167701863354
Developmental Disorder,ED Discharge,01/01/2010 12:00:00 AM,Palomar-Julian,60,6,N INLAND,1,Rural Area,2,Low Income,5,Supervisorial District 5,,,,,,,,,,,,,,,,,,,,,,,,,,,
Developmental Disorder,ED Discharge,01/01/2010 12:00:00 AM,Pauma,54,6,N INLAND,1,Rural Area,5,High Income,5,Supervisorial District 5,,,,,,,,,,,,,,,,,,,,,,,,,,,
Developmental Disorder,ED Discharge,01/01/2010 12:00:00 AM,Poway,15,6,N INLAND,2,Exurban Area,6,Highest Income,2,Supervisorial District 2,6,6.95160524151035,7.18715369985659,,,,,6,10.3512525015527,,,,,,,,,,,,,,,,,,
Developmental Disorder,ED Discharge,01/01/2010 12:00:00 AM,Ramona,39,6,N INLAND,1,Rural Area,5,High Income,2,Supervisorial District 2,6,17.2067679954115,18.0612691818702,,,,,,,,,,,,,,,,,,,,,,,,
Developmental Disorder,ED Discharge,01/01/2010 12:00:00 AM,San Marcos,51,6,N INLAND,3,Suburban Area,3,Moderately Low Income,5,Supervisorial District 5,11,12.2269771577836,12.1695213182514,6,13.6376034184926,5,10.8768952990059,7,15.4059466954244,,,,,,,,,,,,,,,,,5,42.5097772487672
Developmental Disorder,ED Discharge,01/01/2010 12:00:00 AM,Valley Center,53,6,N INLAND,1,Rural Area,5,High Income,5,Supervisorial District 5,,,,,,,,,,,,,,,,,,,,,,,,,,,
Developmental Disorder,ED Discharge,01/01/2010 12:00:00 AM,South Region,99,99,REGION SOUTH,99,,99,,99,South Region,47,10.0323382819087,10.2912844223127,26,11.1074086415639,21,8.95877682833704,29,29.5520319569559,,,12,4.32080539812621,,,,,6,5.92803367123125,8,9.90246076149923,9,6.82288547407683,9,8.48960495038298,15,30.8883489147893
Developmental Disorder,ED Discharge,01/01/2010 12:00:00 AM,Chula Vista,21,4,SOUTH,5,Very Urban Area,1,Lowest Income,1,Supervisorial District 1,20,17.3559886838954,16.8221926076268,12,21.605660683099,8,13.4019064211884,14,65.5369347439378,,,,,,,,,,,,,,,5,18.8957333434111,6,41.3393964448119
Developmental Disorder,ED Discharge,01/01/2010 12:00:00 AM,Coronado,3,4,SOUTH,2,Exurban Area,6,Highest Income,1,Supervisorial District 1,,,,,,,,,,,,,,,,,,,,,,,,,,,
Developmental Disorder,ED Discharge,01/01/2010 12:00:00 AM,National City,4,4,SOUTH,5,Very Urban Area,1,Lowest Income,1,Supervisorial District 1,13,22.2915737851092,23.8018552279145,9,29.99700029997,,,9,132.489327248638,,,,,,,,,,,,,,,,,6,97.3393900064893
Developmental Disorder,ED Discharge,01/01/2010 12:00:00 AM,South Bay,22,4,SOUTH,3,Suburban Area,2,Low Income,1,Supervisorial District 1,6,4.44727752494181,4.60734269546477,,,5,7.47898405480599,,,,,,,,,,,,,,,,,,,,
Developmental Disorder,ED Discharge,01/01/2010 12:00:00 AM,Sweetwater,20,4,SOUTH,3,Suburban Area,6,Highest Income,1,Supervisorial District 1,7,5.17292344073308,5.85226766895362,,,,,,,,,,,,,,,,,,,,,,,,
Developmental Disorder,ED Discharge,01/01/2010 12:00:00 AM,Unknown,99,99,UNKNOWN,99,,99,,99,,10,,,5,,5,,9,,,,,,,,,,,,,,5,,,,,
Developmental Disorder,ED Discharge,01/01/2011 12:00:00 AM,Central Region,99,99,REGION CENTRAL,99,,99,,99,Central Region,94,19.3587715829709,20.7666584499087,54,21.7657680897717,40,16.8440910928446,39,27.4039981730668,18,32.8119873126982,27,12.9920123183524,6,9.29569609270908,,,8,8.87981174799094,16,19.9255283378373,22,13.5313835839715,18,16.5852759605639,30,68.0858789886977
Developmental Disorder,ED Discharge,01/01/2011 12:00:00 AM,Central San Diego,1,3,CENTRAL,5,Very Urban Area,2,Low Income,4,Supervisorial District 4,30,18.075991468132,19.2607880443442,18,19.871278275173,12,15.9187084621201,16,19.5479535736103,,,8,13.6407038603192,,,,,,,,,8,11.3612156500746,8,20.6889417606289,9,56.0782603277463
Developmental Disorder,ED Discharge,01/01/2011 12:00:00 AM,Mid-City,6,3,CENTRAL,5,Very Urban Area,1,Lowest Income,4,Supervisorial District 4,46,28.1869653667982,33.2327651056188,21,25.8391573973816,25,30.5160880816366,20,43.7177581533619,9,47.8799808480077,11,15.8132313619505,,,,,5,14.7968393951052,7,21.6430139442847,9,17.7609377775147,8,23.8934352786572,17,131.71147439374
Developmental Disorder,ED Discharge,01/01/2011 12:00:00 AM,Southeastern San Diego,5,3,CENTRAL,5,Very Urban Area,2,Low Income,4,Supervisorial District 4,18,11.5085099037121,11.7123846645575,15,19.6744533781036,,,,,7,28.0594861105544,8,10.0489888204999,,,,,,,6,22.0434255483302,5,12.0490637877437,,,,
Developmental Disorder,ED Discharge,01/01/2011 12:00:00 AM,East Region,99,99,REGION EAST,99,,99,,99,East Region,178,38.1442194364084,37.1271238277985,105,45.6936955755447,73,30.8200237271963,110,39.4229907714363,20,76.7842745805659,16,13.4528393899137,,,21,97.9843225083987,9,10.093646610217,28,40.3551251008878,46,38.0467147488917,51,39.6251922987273,44,75.2252483288027
Developmental Disorder,ED Discharge,01/01/2011 12:00:00 AM,Alpine,38,5,EAST,1,Rural Area,5,High Income,2,Supervisorial District 2,,,,,,,,,,,,,,,,,,,,,,,,,,,
Developmental Disorder,ED Discharge,01/01/2012 12:00:00 AM,Alpine,38,5,EAST,1,Rural Area,5,High Income,2,Supervisorial District 2,,,,,,,,,,,,,,,,,,,,,,,,,,,
Developmental Disorder,ED Discharge,01/01/2012 12:00:00 AM,El Cajon,34,5,EAST,4,Urban Area,2,Low Income,2,Supervisorial District 2,41,32.5275492475029,31.9697209776232,26,42.0739206421128,15,23.3459401410095,19,25.9187515346629,,,8,22.9246066997163,,,11,168.892983264241,,,,,7,21.1269731083814,20,62.4746196857527,9,57.5337211532315
Developmental Disorder,ED Discharge,01/01/2012 12:00:00 AM,Harbison Crest/El Cajon,37,5,EAST,99,,99,,2,Supervisorial District 2,65,46.1267705583468,44.5258619081545,40,57.7850972234261,25,34.8704215136553,34,40.0622142621483,5,73.1314904197748,12,32.2035262861283,,,14,198.666099049241,,,8,36.9020711287421,12,33.4271149614195,25,67.29112833764,18,97.8846049268584
Developmental Disorder,ED Discharge,01/01/2012 12:00:00 AM,Jamul,30,5,EAST,1,Rural Area,6,Highest Income,2,Supervisorial District 2,,,,,,,,,,,,,,,,,,,,,,,,,,,
Developmental Disorder,ED Discharge,01/01/2012 12:00:00 AM,La Mesa,33,5,EAST,4,Urban Area,2,Low Income,2,Supervisorial District 2,27,44.7612732095491,40.8372366594145,11,38.1864889259182,16,50.771085866599,19,51.1881028072633,,,,,,,,,,,,,,,5,32.0615581917281,15,165.362143093374
Developmental Disorder,ED Discharge,01/01/2012 12:00:00 AM,Laguna-Pine Valley,61,5,EAST,1,Rural Area,3,Moderately Low Income,2,Supervisorial District 2,,,,,,,,,,,,,,,,,,,,,,,,,,,
Developmental Disorder,ED Discharge,01/01/2012 12:00:00 AM,Lakeside,36,5,EAST,2,Exurban Area,3,Moderately Low Income,2,Supervisorial District 2,11,19.3148496075574,18.0539193751344,6,21.2984984558589,5,17.3731758165393,6,14.6295077170653,,,,,,,,,,,,,,,,,,
Developmental Disorder,ED Discharge,01/01/2012 12:00:00 AM,Lemon Grove,32,5,EAST,5,Very Urban Area,2,Low Income,2,Supervisorial District 2,10,33.2115576220525,31.4856435224464,8,54.6560087449614,,,6,64.998375040624,,,,,,,,,,,,,,,,,,
Developmental Disorder,ED Discharge,01/01/2011 12:00:00 AM,El Cajon,34,5,EAST,4,Urban Area,2,Low Income,2,Supervisorial District 2,46,36.7227353647925,35.2179531417494,33,53.7932383529489,13,20.3388769810848,31,42.1653971708379,,,,,,,7,109.924623115578,,,5,25.3936008125952,8,24.1618846270009,17,53.0636451602834,12,79.3388429752066
Developmental Disorder,ED Discharge,01/01/2011 12:00:00 AM,Harbison Crest/El Cajon,37,5,EAST,99,,99,,2,Supervisorial District 2,79,56.4148706742648,55.6276427294678,56,81.4972203626626,23,32.2490185081324,51,59.9069680026312,5,71.5819613457409,7,19.3375507610707,,,12,173.913043478261,6,21.79519779142,10,46.2107208872458,20,55.730487363112,23,61.7168003864008,20,112.924171418892
Developmental Disorder,ED Discharge,01/01/2011 12:00:00 AM,Jamul,30,5,EAST,1,Rural Area,6,Highest Income,2,Supervisorial District 2,6,34.1335760609853,35.8328569480071,,,,,,,,,,,,,,,,,,,,,,,,
Developmental Disorder,ED Discharge,01/01/2012 12:00:00 AM,Mountain Empire,62,5,EAST,1,Rural Area,2,Low Income,2,Supervisorial District 2,,,,,,,,,,,,,,,,,,,,,,,,,,,
Developmental Disorder,ED Discharge,01/01/2011 12:00:00 AM,La Mesa,33,5,EAST,4,Urban Area,2,Low Income,2,Supervisorial District 2,30,50.0116693895242,46.5870825293846,17,59.3844971530373,13,41.4554035524092,18,48.2664306974499,,,,,,,,,,,,,,,12,76.4867104340621,9,101.637492941841
Developmental Disorder,ED Discharge,01/01/2011 12:00:00 AM,Laguna-Pine Valley,61,5,EAST,1,Rural Area,3,Moderately Low Income,2,Supervisorial District 2,,,,,,,,,,,,,,,,,,,,,,,,,,,
Developmental Disorder,ED Discharge,01/01/2011 12:00:00 AM,Lakeside,36,5,EAST,2,Exurban Area,3,Moderately Low Income,2,Supervisorial District 2,16,28.3869136328153,28.1094369915781,9,32.2858372793801,7,24.571749508565,13,31.8058375945,,,,,,,,,,,,,7,48.6415120561462,6,37.0096225018505,,
Developmental Disorder,ED Discharge,01/01/2011 12:00:00 AM,Lemon Grove,32,5,EAST,5,Very Urban Area,2,Low Income,2,Supervisorial District 2,16,53.4241543958062,51.1827565401063,6,41.1946446961895,10,65.0026001040042,6,64.1505399337111,6,140.41656915516,,,,,,,,,8,171.306209850107,,,,,,
Developmental Disorder,ED Discharge,01/01/2011 12:00:00 AM,Mountain Empire,62,5,EAST,1,Rural Area,2,Low Income,2,Supervisorial District 2,5,58.7820362097343,57.0730686151756,,,,,,,,,,,,,,,,,,,,,,,,
Developmental Disorder,ED Discharge,01/01/2011 12:00:00 AM,Santee,35,5,EAST,3,Suburban Area,4,Moderately High Income,2,Supervisorial District 2,11,21.2794769117675,22.4836067239308,8,31.9693094629156,,,8,20.9561231172233,,,,,,,,,,,,,,,,,5,82.6719576719577
Developmental Disorder,ED Discharge,01/01/2011 12:00:00 AM,Spring Valley,31,5,EAST,4,Urban Area,4,Moderately High Income,2,Supervisorial District 2,14,17.1278964496317,17.5629730764757,,,10,23.8254074144668,6,15.6829944063987,,,,,,,,,,,,,6,28.5483180282628,,,,
Developmental Disorder,ED Discharge,01/01/2011 12:00:00 AM,North Central Region,99,99,REGION N CENTRAL,99,,99,,99,North Central Region,54,8.85616118213352,8.39224967651675,29,9.40178698792681,25,8.29757080317166,40,10.9529325107681,,,5,5.69846027603342,6,5.38140723799274,,,,,8,7.72588557963457,11,5.67994051553206,9,6.22953769908564,24,32.5746162303025
Developmental Disorder,ED Discharge,01/01/2011 12:00:00 AM,Coastal,11,2,N CENTRAL,3,Suburban Area,5,High Income,4,Supervisorial District 4,,,,,,,,,,,,,,,,,,,,,,,,,,,
Developmental Disorder,ED Discharge,01/01/2011 12:00:00 AM,Del Mar-Mira Mesa,13,2,N CENTRAL,3,Suburban Area,6,Highest Income,3,Supervisorial District 3,9,5.67887835842556,6.72150122908635,,,6,7.58744530716508,,,,,,,,,,,,,,,,,,,,
Developmental Disorder,ED Discharge,01/01/2011 12:00:00 AM,Elliott-Navajo,17,2,N CENTRAL,2,Exurban Area,5,High Income,3,Supervisorial District 3,12,13.4190662566396,12.6070059594315,5,11.5236580700177,7,15.2054913545921,10,16.6958844644795,,,,,,,,,,,,,,,,,7,51.2220108297966
Developmental Disorder,ED Discharge,01/01/2011 12:00:00 AM,Kearny Mesa,10,2,N CENTRAL,4,Urban Area,3,Moderately Low Income,4,Supervisorial District 4,20,13.1842632633688,12.0449154266949,15,19.8509852705689,5,6.56745432335518,15,17.8692684321504,,,,,,,,,,,,,,,5,13.8339374152671,9,46.4300453982666
Developmental Disorder,ED Discharge,01/01/2011 12:00:00 AM,Miramar,16,2,N CENTRAL,99,,99,,3,Supervisorial District 3,,,,,,,,,,,,,,,,,,,,,,,,,,,
Developmental Disorder,ED Discharge,01/01/2011 12:00:00 AM,Peninsula,2,2,N CENTRAL,4,Urban Area,3,Moderately Low Income,4,Supervisorial District 4,,,,,,,,,,,,,,,,,,,,,,,,,,,
Developmental Disorder,ED Discharge,01/01/2011 12:00:00 AM,University,12,2,N CENTRAL,4,Urban Area,4,Moderately High Income,3,Supervisorial District 3,7,10.5291657892362,9.95142784385462,,,,,6,17.5407823188914,,,,,,,,,,,,,,,,,,
Developmental Disorder,ED Discharge,01/01/2011 12:00:00 AM,North Coastal Region,99,99,REGION N COASTAL,99,,99,,99,North Coastal Region,49,9.61110337428186,9.50141414641736,34,13.0930375847197,15,5.99647407324493,37,12.3735473622607,,,6,4.08758328450942,,,,,,,8,9.48136910969944,7,5.12730362427119,5,3.94331096161581,26,42.1824553433814
Developmental Disorder,ED Discharge,01/01/2011 12:00:00 AM,Carlsbad,41,1,N COASTAL,3,Suburban Area,5,High Income,5,Supervisorial District 5,7,6.04198315149841,4.90662203839118,5,8.8784714823496,,,7,8.26621950355447,,,,,,,,,,,,,,,,,,
Developmental Disorder,ED Discharge,01/01/2011 12:00:00 AM,Oceanside,42,1,N COASTAL,3,Suburban Area,3,Moderately Low Income,5,Supervisorial District 5,24,14.991099034948,15.9023707847629,18,22.6540475231575,6,7.4405684594303,16,21.7108119843682,,,,,,,,,,,,,,,,,12,64.0820249919897
Developmental Disorder,ED Discharge,01/01/2011 12:00:00 AM,Pendleton,43,1,N COASTAL,99,,99,,5,Supervisorial District 5,,,,,,,,,,,,,,,,,,,,,,,,,,,
Developmental Disorder,ED Discharge,01/01/2011 12:00:00 AM,San Dieguito,40,1,N COASTAL,2,Exurban Area,6,Highest Income,3,Supervisorial District 3,7,7.37649637497892,5.77736214583588,,,5,10.3663466920988,5,6.75556996743815,,,,,,,,,,,,,,,,,6,42.9768641214813
Developmental Disorder,ED Discharge,01/01/2011 12:00:00 AM,Vista,52,1,N COASTAL,3,Suburban Area,2,Low Income,5,Supervisorial District 5,11,10.8557273830789,11.2338132228539,9,17.6073559620464,,,9,20.6275354679013,,,,,,,,,,,,,,,,,,
Developmental Disorder,ED Discharge,01/01/2011 12:00:00 AM,North Inland Region,99,99,REGION N INLAND,99,,99,,99,North Inland Region,96,16.7082923603074,16.2222808823103,56,19.7860282374889,40,13.720385405626,68,21.6643993385986,,,19,11.2831963513706,,,,,,,16,20.0647086855108,22,14.9654773647155,18,11.6496560115461,37,49.5712754555198
Developmental Disorder,ED Discharge,01/01/2011 12:00:00 AM,Anza-Borrego Springs,63,6,N INLAND,1,Rural Area,1,Lowest Income,5,Supervisorial District 5,,,,,,,,,,,,,,,,,,,,,,,,,,,
Developmental Disorder,ED Discharge,01/01/2011 12:00:00 AM,Escondido,50,6,N INLAND,2,Exurban Area,3,Moderately Low Income,3,Supervisorial District 3,47,28.6185752820756,29.0963245709659,33,40.4957663516996,14,16.920678277475,29,41.1149232994017,,,12,15.8478605388273,,,,,,,6,23.1687068000154,12,26.5134776844896,14,35.7800040891433,13,72.9230941829809
Developmental Disorder,ED Discharge,01/01/2011 12:00:00 AM,Fallbrook,55,6,N INLAND,1,Rural Area,4,Moderately High Income,5,Supervisorial District 5,5,10.4445187165775,9.23080932924123,,,,,,,,,,,,,,,,,,,,,,,,
Developmental Disorder,ED Discharge,01/01/2011 12:00:00 AM,North San Diego,14,6,N INLAND,3,Suburban Area,6,Highest Income,3,Supervisorial District 3,16,14.8678158249315,13.5017665256643,5,9.60928641439087,11,19.7905796840704,13,20.6986593637551,,,,,,,,,,,,,,,,,10,75.1371252535878
Developmental Disorder,ED Discharge,01/01/2011 12:00:00 AM,Palomar-Julian,60,6,N INLAND,1,Rural Area,2,Low Income,5,Supervisorial District 5,,,,,,,,,,,,,,,,,,,,,,,,,,,
Developmental Disorder,ED Discharge,01/01/2011 12:00:00 AM,Pauma,54,6,N INLAND,1,Rural Area,5,High Income,5,Supervisorial District 5,,,,,,,,,,,,,,,,,,,,,,,,,,,
Developmental Disorder,ED Discharge,01/01/2011 12:00:00 AM,Poway,15,6,N INLAND,2,Exurban Area,6,Highest Income,2,Supervisorial District 2,8,9.20587795307304,9.23058825529054,5,11.7785630153121,,,7,12.0800041417157,,,,,,,,,,,,,,,,,5,44.404973357016
Developmental Disorder,ED Discharge,01/01/2011 12:00:00 AM,Ramona,39,6,N INLAND,1,Rural Area,5,High Income,2,Supervisorial District 2,,,,,,,,,,,,,,,,,,,,,,,,,,,
Developmental Disorder,ED Discharge,01/01/2011 12:00:00 AM,San Marcos,51,6,N INLAND,3,Suburban Area,3,Moderately Low Income,5,Supervisorial District 5,14,15.5231294628997,15.3461056360961,7,15.8672590443377,7,15.1936100017364,11,24.4803489562469,,,,,,,,,,,,,,,,,5,41.9956324542248
Developmental Disorder,ED Discharge,01/01/2011 12:00:00 AM,Valley Center,53,6,N INLAND,1,Rural Area,5,High Income,5,Supervisorial District 5,,,,,,,,,,,,,,,,,,,,,,,,,,,
Developmental Disorder,ED Discharge,01/01/2011 12:00:00 AM,South Region,99,99,REGION SOUTH,99,,99,,99,South Region,52,11.0766740156139,11.6162696251264,24,10.267687160685,28,11.878903068151,16,16.6425696127482,,,22,7.82614572994817,9,15.0065028178877,,,7,6.9537575125416,,,14,10.7491381494591,10,9.26329050605356,17,34.4122588611567
Developmental Disorder,ED Discharge,01/01/2011 12:00:00 AM,Chula Vista,21,4,SOUTH,5,Very Urban Area,1,Lowest Income,1,Supervisorial District 1,28,24.1560480705357,24.4772747915925,13,23.285806405388,15,24.9646334359657,11,52.5511179055991,,,9,10.9057861254165,,,,,,,,,9,29.1252710268276,5,18.561140396466,10,68.1756203981456
Developmental Disorder,ED Discharge,01/01/2011 12:00:00 AM,Coronado,3,4,SOUTH,2,Exurban Area,6,Highest Income,1,Supervisorial District 1,,,,,,,,,,,,,,,,,,,,,,,,,,,
Developmental Disorder,ED Discharge,01/01/2011 12:00:00 AM,National City,4,4,SOUTH,5,Very Urban Area,1,Lowest Income,1,Supervisorial District 1,,,,,,,,,,,,,,,,,,,,,,,,,,,
Developmental Disorder,ED Discharge,01/01/2011 12:00:00 AM,South Bay,22,4,SOUTH,3,Suburban Area,2,Low Income,1,Supervisorial District 1,12,8.88060032858221,8.57874563752125,6,8.81704628949302,6,8.94507722583338,,,,,8,8.57632933104631,,,,,,,,,,,,,,
Developmental Disorder,ED Discharge,01/01/2011 12:00:00 AM,Sweetwater,20,4,SOUTH,3,Suburban Area,6,Highest Income,1,Supervisorial District 1,5,3.66042929514773,4.03558042688833,,,,,,,,,,,,,,,,,,,,,,,,
Developmental Disorder,ED Discharge,01/01/2011 12:00:00 AM,Unknown,99,99,UNKNOWN,99,,99,,99,,10,,,7,,,,,,,,,,,,,,,,,,,,,,,
Developmental Disorder,ED Discharge,01/01/2012 12:00:00 AM,San Diego County (Actual Rate),0,0,COUNTY,99,,99,,99,County Total,603,19.1828732253854,19.0451762309163,331,21.0032977081024,272,17.3526270729053,346,23.1853757907151,58,41.6119612865271,124,11.9780608292296,20,5.61900346973464,52,43.1302616845685,52,8.63435977052528,96,19.0962690664311,135,15.1676701672151,142,18.3490506304579,178,47.5255984086934
Developmental Disorder,ED Discharge,01/01/2012 12:00:00 AM,Central Region,99,99,REGION CENTRAL,99,,99,,99,Central Region,107,21.8923143654502,22.7566864126097,62,24.8487034587792,45,18.8090918970432,52,36.7234231880169,20,37.7024148396705,25,11.7725172938279,,,6,36.5987556423082,14,15.1759872521707,16,20.3671172891367,37,22.6393851877233,26,23.7644757648048,14,31.0366232153942
Developmental Disorder,ED Discharge,01/01/2012 12:00:00 AM,Central San Diego,1,3,CENTRAL,5,Very Urban Area,2,Low Income,4,Supervisorial District 4,51,30.571873876034,31.0170461063342,31,34.1101648291191,20,26.3372751455134,38,46.6578262364324,7,65.1647737851424,5,8.33319444675922,,,,,,,7,36.7820923755977,22,31.1385381871709,16,40.9636703448629,,
Developmental Disorder,ED Discharge,01/01/2012 12:00:00 AM,Mid-City,6,3,CENTRAL,5,Very Urban Area,1,Lowest Income,4,Supervisorial District 4,31,18.7989302802253,18.8909473488565,18,21.9226131754905,13,15.7012416058747,6,13.1524145641071,8,43.525571273123,9,12.6280342360039,,,5,92.0301859009755,7,20.3057465262669,6,18.7306839821434,8,15.6283576549649,6,17.6216628975888,,
Developmental Disorder,ED Discharge,01/01/2012 12:00:00 AM,Southeastern San Diego,5,3,CENTRAL,5,Very Urban Area,2,Low Income,4,Supervisorial District 4,25,15.9202205905765,16.924572155178,13,16.9888004600044,12,14.9046104928458,8,55.0357732526142,5,20.8986415882968,11,13.5655090765588,,,,,5,13.7472161887218,,,7,16.8305643047775,,,6,39.2721560413667
Developmental Disorder,ED Discharge,01/01/2012 12:00:00 AM,East Region,99,99,REGION EAST,99,,99,,99,East Region,152,32.341457706097,31.907098946163,80,34.5449991795563,72,30.2009622362135,81,29.1179420445109,12,47.1142520612485,35,28.5220679314166,,,21,95.51967250398,7,7.78409154091652,20,28.5706122682209,37,30.6806968664229,44,34.3256568682519,44,71.8074255405957
Developmental Disorder,ED Discharge,01/01/2012 12:00:00 AM,Santee,35,5,EAST,3,Suburban Area,4,Moderately High Income,2,Supervisorial District 2,10,19.2492781520693,18.9349167025501,,,7,26.1506276150628,8,20.9847073944863,,,,,,,,,,,,,,,,,,
Developmental Disorder,ED Discharge,01/01/2012 12:00:00 AM,Spring Valley,31,5,EAST,4,Urban Area,4,Moderately High Income,2,Supervisorial District 2,23,27.9754302742808,30.9434398326919,12,30.0082522693741,11,26.0503007625633,5,13.1368067050261,,,14,51.0018214936248,,,,,,,,,13,62.320230105465,,,,
Developmental Disorder,ED Discharge,01/01/2012 12:00:00 AM,North Central Region,99,99,REGION N CENTRAL,99,,99,,99,North Central Region,102,16.5828582019304,16.3099339535879,57,18.3302139811295,45,14.796255560926,66,18.0838763062861,8,43.0686406460296,12,13.309376455713,,,12,43.9818208473831,13,13.5451940609534,19,18.3716882614581,19,9.76577558247711,11,7.58212823446698,40,52.5879862745356
Developmental Disorder,ED Discharge,01/01/2012 12:00:00 AM,Coastal,11,2,N CENTRAL,3,Suburban Area,5,High Income,4,Supervisorial District 4,15,19.7646686782707,17.2650611002907,11,28.158918697522,,,13,21.4734060125537,,,,,,,,,,,,,,,,,8,62.8190027483314
Developmental Disorder,ED Discharge,01/01/2012 12:00:00 AM,Del Mar-Mira Mesa,13,2,N CENTRAL,3,Suburban Area,6,Highest Income,3,Supervisorial District 3,16,9.99444059242047,11.8200490255308,9,11.2341317888483,7,8.75262578773632,9,11.8653676286404,,,,,,,,,,,,,,,,,5,32.3373431638857
Developmental Disorder,ED Discharge,01/01/2012 12:00:00 AM,Elliott-Navajo,17,2,N CENTRAL,2,Exurban Area,5,High Income,3,Supervisorial District 3,23,25.4825057058654,25.2322787541597,11,25.1044115297716,12,25.8392368812041,14,23.3251695239999,,,6,44.3229666839034,,,,,8,46.44412191582,5,46.3005833873507,,,,,8,56.1127867012695
Developmental Disorder,ED Discharge,01/01/2012 12:00:00 AM,Kearny Mesa,10,2,N CENTRAL,4,Urban Area,3,Moderately Low Income,4,Supervisorial District 4,43,28.2076344290578,27.6474978304478,24,31.6109742765697,19,24.8307587757129,25,29.9189794037746,5,77.1128932757557,,,,,7,99.1360997025917,,,9,43.8553747198129,10,19.4337019258799,7,19.2466318394281,15,76.2233853346207
Developmental Disorder,ED Discharge,01/01/2012 12:00:00 AM,Miramar,16,2,N CENTRAL,99,,99,,3,Supervisorial District 3,,,,,,,,,,,,,,,,,,,,,,,,,,,
Developmental Disorder,ED Discharge,01/01/2012 12:00:00 AM,Peninsula,2,2,N CENTRAL,4,Urban Area,3,Moderately Low Income,4,Supervisorial District 4,,,,,,,,,,,,,,,,,,,,,,,,,,,
Developmental Disorder,ED Discharge,01/01/2012 12:00:00 AM,University,12,2,N CENTRAL,4,Urban Area,4,Moderately High Income,3,Supervisorial District 3,,,,,,,,,,,,,,,,,,,,,,,,,,,
Developmental Disorder,ED Discharge,01/01/2012 12:00:00 AM,North Coastal Region,99,99,REGION N COASTAL,99,,99,,99,North Coastal Region,68,13.2192332067138,13.0444197634667,44,16.7909451012418,24,9.51037423322608,44,14.7084878003122,8,56.9232958588302,8,5.32190896874709,,,5,26.0078023407022,6,5.86389890638285,11,12.8953600150055,16,11.7511402278252,15,11.8224737344042,20,31.3750098046906
Developmental Disorder,ED Discharge,01/01/2012 12:00:00 AM,Carlsbad,41,1,N COASTAL,3,Suburban Area,5,High Income,5,Supervisorial District 5,16,13.6254864724467,11.6387790545573,10,17.5201920213046,6,9.94200497100249,10,11.7288294628196,,,,,,,,,,,,,5,17.073004165813,,,8,41.530395057883
Developmental Disorder,ED Discharge,01/01/2012 12:00:00 AM,Oceanside,42,1,N COASTAL,3,Suburban Area,3,Moderately Low Income,5,Supervisorial District 5,28,17.3672490897701,17.690445675393,17,21.2399110422549,11,13.5493009792449,16,21.8034149598681,,,,,,,,,,,8,33.0046619084946,7,15.6652120398344,5,12.7619387937415,5,26.1205725629506
Developmental Disorder,ED Discharge,01/01/2012 12:00:00 AM,Pendleton,43,1,N COASTAL,99,,99,,5,Supervisorial District 5,,,,,,,,,,,,,,,,,,,,,,,,,,,
Developmental Disorder,ED Discharge,01/01/2012 12:00:00 AM,San Dieguito,40,1,N COASTAL,2,Exurban Area,6,Highest Income,3,Supervisorial District 3,8,8.37696335078534,8.13166066585532,6,12.7743831037493,,,8,10.8119796734782,,,,,,,,,,,,,,,,,,
Developmental Disorder,ED Discharge,01/01/2012 12:00:00 AM,Vista,52,1,N COASTAL,3,Suburban Area,2,Low Income,5,Supervisorial District 5,16,15.6739811912226,16.8861395068317,11,21.3571497912824,5,9.88630746416213,10,23.1390425064211,,,,,,,,,,,,,,,5,20.6151562628845,,
Developmental Disorder,ED Discharge,01/01/2012 12:00:00 AM,North Inland Region,99,99,REGION N INLAND,99,,99,,99,North Inland Region,120,20.6239075773955,19.2860871203678,59,20.5912839538057,61,20.6555600704321,85,27.1084817655595,,,19,10.9395961561714,5,7.99961601843111,6,27.2133526850508,6,5.0145840820386,19,22.9095074455899,17,11.6361844266783,34,21.8911366650785,44,56.5167687821921
Developmental Disorder,ED Discharge,01/01/2012 12:00:00 AM,Anza-Borrego Springs,63,6,N INLAND,1,Rural Area,1,Lowest Income,5,Supervisorial District 5,,,,,,,,,,,,,,,,,,,,,,,,,,,
Developmental Disorder,ED Discharge,01/01/2012 12:00:00 AM,Escondido,50,6,N INLAND,2,Exurban Area,3,Moderately Low Income,3,Supervisorial District 3,52,31.4317146000314,31.5936200816001,29,35.3559367494483,23,27.5729784810885,33,47.297587823021,,,12,15.4846701765252,,,,,,,9,34.4484421648932,8,17.6955915857462,19,48.4101100693029,13,71.268022586481
Developmental Disorder,ED Discharge,01/01/2012 12:00:00 AM,Fallbrook,55,6,N INLAND,1,Rural Area,4,Moderately High Income,5,Supervisorial District 5,6,12.4566611995765,10.1236974913968,,,5,20.7150847246965,5,18.5583846781976,,,,,,,,,,,,,,,,,,
Developmental Disorder,ED Discharge,01/01/2012 12:00:00 AM,North San Diego,14,6,N INLAND,3,Suburban Area,6,Highest Income,3,Supervisorial District 3,23,20.7343568292661,19.5627908255988,5,9.3226185370947,18,31.4169022934339,17,26.5070009667259,,,,,,,,,,,,,,,5,16.4441228704861,14,99.0309117917521
Developmental Disorder,ED Discharge,01/01/2012 12:00:00 AM,Palomar-Julian,60,6,N INLAND,1,Rural Area,2,Low Income,5,Supervisorial District 5,,,,,,,,,,,,,,,,,,,,,,,,,,,
Developmental Disorder,ED Discharge,01/01/2012 12:00:00 AM,Pauma,54,6,N INLAND,1,Rural Area,5,High Income,5,Supervisorial District 5,5,64.1190048730444,71.4881679845105,,,,,,,,,,,,,,,,,,,,,,,,
Developmental Disorder,ED Discharge,01/01/2012 12:00:00 AM,Poway,15,6,N INLAND,2,Exurban Area,6,Highest Income,2,Supervisorial District 2,9,10.29925044344,9.22135230398681,,,6,13.4264232008593,7,12.1088411838987,,,,,,,,,,,,,,,,,6,50.5859539667819
Developmental Disorder,ED Discharge,01/01/2012 12:00:00 AM,Ramona,39,6,N INLAND,1,Rural Area,5,High Income,2,Supervisorial District 2,7,19.6436088115617,17.2909868079162,,,,,6,24.0693196405648,,,,,,,,,,,,,,,,,,
Developmental Disorder,ED Discharge,01/01/2012 12:00:00 AM,San Marcos,51,6,N INLAND,3,Suburban Area,3,Moderately Low Income,5,Supervisorial District 5,14,15.3064013557098,15.2479529862146,11,24.5854007420321,,,10,22.2756838634946,,,,,,,,,,,,,,,,,5,41.0407945497825
Developmental Disorder,ED Discharge,01/01/2012 12:00:00 AM,Valley Center,53,6,N INLAND,1,Rural Area,5,High Income,5,Supervisorial District 5,,,,,,,,,,,,,,,,,,,,,,,,,,,
Developmental Disorder,ED Discharge,01/01/2012 12:00:00 AM,South Region,99,99,REGION SOUTH,99,,99,,99,South Region,53,11.196930773391,11.3077128993371,28,11.8989945349618,25,10.5028777885141,18,18.972531989797,5,27.5103163686382,25,8.7415643903633,,,,,6,5.87544065804935,11,13.333494951454,9,6.96529734080426,12,11.006952725138,15,29.7082648392783
Developmental Disorder,ED Discharge,01/01/2012 12:00:00 AM,Chula Vista,21,4,SOUTH,5,Very Urban Area,1,Lowest Income,1,Supervisorial District 1,16,13.7217738823186,13.4746468329296,8,14.2505967437386,8,13.2307946746051,7,34.2801175318315,,,7,8.35122882366977,,,,,,,,,,,,,5,33.802055164954
Developmental Disorder,ED Discharge,01/01/2012 12:00:00 AM,Coronado,3,4,SOUTH,2,Exurban Area,6,Highest Income,1,Supervisorial District 1,,,,,,,,,,,,,,,,,,,,,,,,,,,
Developmental Disorder,ED Discharge,01/01/2012 12:00:00 AM,National City,4,4,SOUTH,5,Very Urban Area,1,Lowest Income,1,Supervisorial District 1,16,27.2331154684096,28.4525173331031,9,29.921207486951,7,24.4132110347714,5,78.125,,,8,21.0161298796827,,,,,,,,,,,7,57.2737686139748,,
Developmental Disorder,ED Discharge,01/01/2012 12:00:00 AM,South Bay,22,4,SOUTH,3,Suburban Area,2,Low Income,1,Supervisorial District 1,13,9.58758628827659,10.1552454827934,7,10.2672416321981,6,8.90022843919661,,,,,7,7.41329097167064,,,,,,,,,,,,,,
Developmental Disorder,ED Discharge,01/01/2012 12:00:00 AM,Sweetwater,20,4,SOUTH,3,Suburban Area,6,Highest Income,1,Supervisorial District 1,7,5.02837439839092,5.25986643226578,,,,,,,,,,,,,,,,,,,,,,,,
Developmental Disorder,ED Discharge,01/01/2012 12:00:00 AM,Unknown,99,99,UNKNOWN,99,,99,,99,,,,,,,,,,,,,,,,,,,,,,,,,,,,
Developmental Disorder,ED Discharge,01/01/2013 12:00:00 AM,San Diego County (Actual Rate),0,0,COUNTY,99,,99,,99,County Total,632,20.0344008414448,19.7335453199374,358,22.6645251433784,274,17.3966818051661,381,25.6581206941835,65,48.7552411884278,117,11.0907412217257,24,6.65681088832368,33,27.3002531478019,51,8.43777143566199,103,20.362854199987,125,14.146528611637,141,18.2034604649241,212,54.9025092000549
Developmental Disorder,ED Discharge,01/01/2013 12:00:00 AM,Central Region,99,99,REGION CENTRAL,99,,99,,99,Central Region,111,22.6493633692458,23.1985747180177,72,28.7751382805256,39,16.2592135543475,50,35.4418894780119,25,49.3993044577932,24,11.1058152825273,6,9.10608590074366,,,,,23,29.5618420883513,29,17.7974163061156,32,29.082713053594,23,49.77923989265
Developmental Disorder,ED Discharge,01/01/2013 12:00:00 AM,Central San Diego,1,3,CENTRAL,5,Very Urban Area,2,Low Income,4,Supervisorial District 4,48,28.6054827175209,30.0845750131959,33,36.0789801674939,15,19.6504834018917,28,34.3448715747124,6,57.9318335425316,8,13.0967192718224,,,,,,,9,48.5961123110151,14,19.9421677136305,12,30.4924531178533,11,63.4481167445348
Developmental Disorder,ED Discharge,01/01/2013 12:00:00 AM,Mid-City,6,3,CENTRAL,5,Very Urban Area,1,Lowest Income,4,Supervisorial District 4,30,18.1932854647778,19.360407054838,22,26.7890846656844,8,9.66498737511024,10,22.1229149152692,9,51.0725229826353,9,12.4486493215486,,,,,,,7,22.2937036211344,5,9.7964301808421,10,29.0073678714393,6,44.4971818451498
Developmental Disorder,ED Discharge,01/01/2013 12:00:00 AM,Southeastern San Diego,5,3,CENTRAL,5,Very Urban Area,2,Low Income,4,Supervisorial District 4,33,20.9678239211102,21.620581340163,17,22.1853915721612,16,19.8125239917283,12,83.635349874547,10,44.1910822396041,7,8.46207780276105,,,,,,,7,25.1040022952231,10,23.9790902333165,10,27.6220202745629,6,39.0040954300202
Developmental Disorder,ED Discharge,01/01/2013 12:00:00 AM,East Region,99,99,REGION EAST,99,,99,,99,East Region,152,32.2230513533682,30.8956344493804,90,38.7070137108844,62,25.9201658890617,85,30.6420040591643,15,61.3522025440713,28,22.240402869012,,,16,72.694229895502,12,13.4031787872357,25,35.4298347552507,32,26.5897778922615,39,30.6192147349083,44,68.856512417646
Developmental Disorder,ED Discharge,01/01/2013 12:00:00 AM,Alpine,38,5,EAST,1,Rural Area,5,High Income,2,Supervisorial District 2,,,,,,,,,,,,,,,,,,,,,,,,,,,
Developmental Disorder,ED Discharge,01/01/2013 12:00:00 AM,El Cajon,34,5,EAST,4,Urban Area,2,Low Income,2,Supervisorial District 2,44,34.8771768510665,31.7694693359011,23,37.2053899286627,21,32.6401193695794,24,32.8924826971836,5,77.8210116731518,10,28.0954120192173,,,,,,,6,30.4614915977052,5,15.1061965618297,15,47.2113810902682,17,105.256640455699
Developmental Disorder,ED Discharge,01/01/2013 12:00:00 AM,Harbison Crest/El Cajon,37,5,EAST,99,,99,,2,Supervisorial District 2,73,51.714733031546,48.1576202692557,42,60.6130577844484,31,43.1352359219113,38,44.9512633670862,7,106.756138477962,18,47.2627018511225,,,6,85.2636066505613,,,11,50.4980948446036,13,36.1824709844415,25,67.9569424812439,21,110.051357300073
Developmental Disorder,ED Discharge,01/01/2013 12:00:00 AM,Jamul,30,5,EAST,1,Rural Area,6,Highest Income,2,Supervisorial District 2,,,,,,,,,,,,,,,,,,,,,,,,,,,
Developmental Disorder,ED Discharge,01/01/2013 12:00:00 AM,La Mesa,33,5,EAST,4,Urban Area,2,Low Income,2,Supervisorial District 2,17,28.1643472498343,28.2130129027322,10,34.5685840707965,7,22.2702977856961,12,32.4552388164656,,,,,,,,,,,,,,,,,6,64.3086816720257
Developmental Disorder,ED Discharge,01/01/2013 12:00:00 AM,Laguna-Pine Valley,61,5,EAST,1,Rural Area,3,Moderately Low Income,2,Supervisorial District 2,,,,,,,,,,,,,,,,,,,,,,,,,,,
Developmental Disorder,ED Discharge,01/01/2013 12:00:00 AM,Lakeside,36,5,EAST,2,Exurban Area,3,Moderately Low Income,2,Supervisorial District 2,17,29.708853238265,30.9530928551906,13,45.8764159932244,,,9,21.9362386662767,,,,,,,,,,,,,5,35.3982300884956,,,,
Developmental Disorder,ED Discharge,01/01/2013 12:00:00 AM,Lemon Grove,32,5,EAST,5,Very Urban Area,2,Low Income,2,Supervisorial District 2,8,26.565716942286,25.0059901486461,5,34.132022663663,,,,,,,,,,,,,,,,,,,,,,
Developmental Disorder,ED Discharge,01/01/2013 12:00:00 AM,Mountain Empire,62,5,EAST,1,Rural Area,2,Low Income,2,Supervisorial District 2,,,,,,,,,,,,,,,,,,,,,,,,,,,
Developmental Disorder,ED Discharge,01/01/2013 12:00:00 AM,Santee,35,5,EAST,3,Suburban Area,4,Moderately High Income,2,Supervisorial District 2,13,24.8475697165466,25.2213794100493,7,27.6210393402517,6,22.2419928825623,11,28.7912893262838,,,,,,,,,,,,,,,,,,
Developmental Disorder,ED Discharge,01/01/2013 12:00:00 AM,Spring Valley,31,5,EAST,4,Urban Area,4,Moderately High Income,2,Supervisorial District 2,17,20.6128066154984,19.7038180765715,9,22.432701894317,8,18.8888626543574,8,21.1662609799979,,,,,,,,,,,,,,,,,7,66.9536107125777
Developmental Disorder,ED Discharge,01/01/2013 12:00:00 AM,North Central Region,99,99,REGION N CENTRAL,99,,99,,99,North Central Region,72,11.6397121111205,11.7089236075856,36,11.525606054785,36,11.7561001097236,50,13.722390550213,6,33.0906684315023,7,7.58215809882802,,,,,8,8.25840550835647,,,13,6.66318131028898,14,9.62576404502107,34,43.5122026132917
Developmental Disorder,ED Discharge,01/01/2013 12:00:00 AM,Coastal,11,2,N CENTRAL,3,Suburban Area,5,High Income,4,Supervisorial District 4,14,18.4234767732596,15.4351386445044,7,17.8762960314623,7,19.005212858384,13,21.54243860405,,,,,,,,,,,,,5,17.9642869974491,,,6,46.5260545905707
Developmental Disorder,ED Discharge,01/01/2013 12:00:00 AM,Del Mar-Mira Mesa,13,2,N CENTRAL,3,Suburban Area,6,Highest Income,3,Supervisorial District 3,14,8.6967325133557,9.796463321517,9,11.1937513992189,5,6.20516766363027,9,11.8697492845179,,,,,,,,,,,,,,,,,6,36.7895027285548
Developmental Disorder,ED Discharge,01/01/2013 12:00:00 AM,Elliott-Navajo,17,2,N CENTRAL,2,Exurban Area,5,High Income,3,Supervisorial District 3,10,11.0454520351245,11.1735639887558,6,13.6307874051524,,,7,11.7035327949708,,,,,,,,,,,,,,,,,,
Developmental Disorder,ED Discharge,01/01/2013 12:00:00 AM,Kearny Mesa,10,2,N CENTRAL,4,Urban Area,3,Moderately Low Income,4,Supervisorial District 4,25,16.2589993561436,15.4587704855946,11,14.3781452192667,14,18.1215698457078,14,16.7186137880796,,,,,,,,,,,,,,,5,13.6548597645902,15,73.8879858135067
Developmental Disorder,ED Discharge,01/01/2013 12:00:00 AM,Miramar,16,2,N CENTRAL,99,,99,,3,Supervisorial District 3,,,,,,,,,,,,,,,,,,,,,,,,,,,
Developmental Disorder,ED Discharge,01/01/2013 12:00:00 AM,Peninsula,2,2,N CENTRAL,4,Urban Area,3,Moderately Low Income,4,Supervisorial District 4,,,,,,,,,,,,,,,,,,,,,,,,,,,
Developmental Disorder,ED Discharge,01/01/2013 12:00:00 AM,University,12,2,N CENTRAL,4,Urban Area,4,Moderately High Income,3,Supervisorial District 3,5,7.2055453877304,5.76222630453082,,,,,,,,,,,,,,,,,,,,,,,,
Developmental Disorder,ED Discharge,01/01/2013 12:00:00 AM,North Coastal Region,99,99,REGION N COASTAL,99,,99,,99,North Coastal Region,96,18.7205662971305,18.3638913410168,54,20.7902609177745,42,16.5963298402011,74,24.968957512282,6,45.8015267175573,11,7.21581181162795,,,,,8,7.74983531599954,10,11.877895236964,14,10.5099581853806,20,15.8072776706396,44,67.0159619836725
Developmental Disorder,ED Discharge,01/01/2013 12:00:00 AM,Carlsbad,41,1,N COASTAL,3,Suburban Area,5,High Income,5,Supervisorial District 5,18,15.2241759914745,11.5340764058228,12,20.8815494109663,6,9.87394266530626,15,17.5644028103045,,,,,,,,,,,,,,,,,13,65.5010832871467
Developmental Disorder,ED Discharge,01/01/2013 12:00:00 AM,Oceanside,42,1,N COASTAL,3,Suburban Area,3,Moderately Low Income,5,Supervisorial District 5,38,23.5250417879032,24.0289288843997,18,22.4820143884892,20,24.5501190680775,23,31.5107342001069,,,8,12.7022435337642,,,,,,,6,25.4377411285878,8,17.9488905342039,6,15.4782788153957,14,71.9054956343092
Developmental Disorder,ED Discharge,01/01/2013 12:00:00 AM,Pendleton,43,1,N COASTAL,99,,99,,5,Supervisorial District 5,,,,,,,,,,,,,,,,,,,,,,,,,,,
Developmental Disorder,ED Discharge,01/01/2013 12:00:00 AM,San Dieguito,40,1,N COASTAL,2,Exurban Area,6,Highest Income,3,Supervisorial District 3,13,13.5116876097825,12.3127276532309,8,16.8868999873348,5,10.2377198550339,13,17.5133707850032,,,,,,,,,,,,,,,,,8,52.0189869302295
Developmental Disorder,ED Discharge,01/01/2013 12:00:00 AM,Vista,52,1,N COASTAL,3,Suburban Area,2,Low Income,5,Supervisorial District 5,27,26.2766050626259,27.9129457346062,16,30.929827952832,11,21.5589048076358,23,53.6605851336848,,,,,,,,,,,,,5,16.9946636756059,11,45.1875282422052,9,82.5082508250825
Developmental Disorder,ED Discharge,01/01/2013 12:00:00 AM,North Inland Region,99,99,REGION N INLAND,99,,99,,99,North Inland Region,126,21.5565543045531,20.752135369943,66,22.9177011462323,60,20.234586303883,91,29.1893070907563,7,72.7423880286813,15,8.44813408878426,,,8,36.194181785278,12,10.086576447844,25,29.0376909228178,22,15.3097794695857,26,16.76618904523,41,50.8237160813675
Developmental Disorder,ED Discharge,01/01/2013 12:00:00 AM,Anza-Borrego Springs,63,6,N INLAND,1,Rural Area,1,Lowest Income,5,Supervisorial District 5,,,,,,,,,,,,,,,,,,,,,,,,,,,
Developmental Disorder,ED Discharge,01/01/2013 12:00:00 AM,Escondido,50,6,N INLAND,2,Exurban Area,3,Moderately Low Income,3,Supervisorial District 3,43,25.9100139191005,24.3331967852479,28,33.9900700438229,15,17.9464477997655,26,37.6222723852521,,,8,10.1574403250381,,,,,,,13,49.0399486966691,,,14,35.8230342109977,9,47.8952690117609
Developmental Disorder,ED Discharge,01/01/2013 12:00:00 AM,Fallbrook,55,6,N INLAND,1,Rural Area,4,Moderately High Income,5,Supervisorial District 5,9,18.5846738389741,16.9307207637018,5,20.6945076776623,,,8,29.9233214886852,,,,,,,,,,,,,,,,,,
Developmental Disorder,ED Discharge,01/01/2013 12:00:00 AM,North San Diego,14,6,N INLAND,3,Suburban Area,6,Highest Income,3,Supervisorial District 3,23,20.6074724487053,20.5658029418137,10,18.5150897981855,13,22.5694444444444,19,29.6592310454098,,,,,,,,,,,,,8,27.1896135676172,,,8,54.8809768813885
Developmental Disorder,ED Discharge,01/01/2013 12:00:00 AM,Palomar-Julian,60,6,N INLAND,1,Rural Area,2,Low Income,5,Supervisorial District 5,,,,,,,,,,,,,,,,,,,,,,,,,,,
Developmental Disorder,ED Discharge,01/01/2013 12:00:00 AM,Pauma,54,6,N INLAND,1,Rural Area,5,High Income,5,Supervisorial District 5,,,,,,,,,,,,,,,,,,,,,,,,,,,
Developmental Disorder,ED Discharge,01/01/2013 12:00:00 AM,Poway,15,6,N INLAND,2,Exurban Area,6,Highest Income,2,Supervisorial District 2,13,14.8178543746865,14.2064564303065,5,11.6596320220134,8,17.8376329461081,9,15.6025172061093,,,,,,,,,,,,,,,,,7,56.2610512779296
Developmental Disorder,ED Discharge,01/01/2013 12:00:00 AM,Ramona,39,6,N INLAND,1,Rural Area,5,High Income,2,Supervisorial District 2,17,47.4449499037147,49.5823398961635,7,38.9950420589382,10,55.9284116331096,13,52.1794974713013,,,,,,,,,,,,,5,64.7081661705707,,,,
Developmental Disorder,ED Discharge,01/01/2013 12:00:00 AM,San Marcos,51,6,N INLAND,3,Suburban Area,3,Moderately Low Income,5,Supervisorial District 5,16,17.4096601851953,17.3675167158059,7,15.5510630262369,9,19.1938579654511,12,26.9130707813762,,,,,,,,,,,,,,,,,8,64.2054574638844
Developmental Disorder,ED Discharge,01/01/2013 12:00:00 AM,Valley Center,53,6,N INLAND,1,Rural Area,5,High Income,5,Supervisorial District 5,,,,,,,,,,,,,,,,,,,,,,,,,,,
Developmental Disorder,ED Discharge,01/01/2013 12:00:00 AM,South Region,99,99,REGION SOUTH,99,,99,,99,South Region,74,15.517009997987,15.7696591712047,39,16.4725858158365,35,14.5748920416925,31,32.9987332744324,6,34.4688918251278,32,11.0111315658173,,,,,7,6.81411105054124,17,20.2005798754694,14,10.9111597783476,10,9.07976574204386,26,50.4188644120385
Developmental Disorder,ED Discharge,01/01/2013 12:00:00 AM,Chula Vista,21,4,SOUTH,5,Very Urban Area,1,Lowest Income,1,Supervisorial District 1,28,24.0589099595295,22.8938740277073,10,17.8428048889285,18,29.8329355608592,9,45.2944136889784,,,12,14.2126208072769,,,,,,,7,36.2562801056612,,,7,25.8083545330531,9,60.455430912877
Developmental Disorder,ED Discharge,01/01/2013 12:00:00 AM,Coronado,3,4,SOUTH,2,Exurban Area,6,Highest Income,1,Supervisorial District 1,5,21.5507952243438,15.3238299716357,,,,,5,29.9437058330339,,,,,,,,,,,,,,,,,5,140.646976090014
Developmental Disorder,ED Discharge,01/01/2013 12:00:00 AM,National City,4,4,SOUTH,5,Very Urban Area,1,Lowest Income,1,Supervisorial District 1,15,25.5776281012874,27.8362161317709,10,33.364473508608,5,17.4380078819796,7,113.140455794408,,,7,18.2457969503454,,,,,,,,,5,31.7097919837646,,,6,100.654252642174
Developmental Disorder,ED Discharge,01/01/2013 12:00:00 AM,South Bay,22,4,SOUTH,3,Suburban Area,2,Low Income,1,Supervisorial District 1,19,13.8963043144368,13.9982611186362,12,17.4776795467455,7,10.2838338132456,6,30.8372308166727,,,11,11.4555887651917,,,,,,,5,21.2594072877248,5,13.3811486377991,,,,
Developmental Disorder,ED Discharge,01/01/2013 12:00:00 AM,Sweetwater,20,4,SOUTH,3,Suburban Area,6,Highest Income,1,Supervisorial District 1,7,4.93159177692297,5.47063294984161,5,7.25900116144019,,,,,,,,,,,,,,,,,,,,,,
Developmental Disorder,ED Discharge,01/01/2013 12:00:00 AM,Unknown,99,99,UNKNOWN,99,,99,,99,,,,,,,,,,,,,,,,,,,,,,,,,,,,
